{"Building 1": [[55.8361273259601, 35.8053959360152], [55.8361036737051, 35.8044912143832], [55.8356108467191, 35.8042933065262], [55.8354418406061, 35.8043261638152], [55.8354418406061, 35.8053653710952]], "Building 2": [[55.8353674435131, 35.8042535721302], [55.834726682423096, 35.8042535721302], [55.8346475548791, 35.804412509714204], [55.8346583059041, 35.8052140747412], [55.8347645260311, 35.8053691917102], [55.8353093879781, 35.8053592581112], [55.8353532521601, 35.805273676335204], [55.8353846451531, 35.8049084255412]], "Building 3": [[55.834363727819095, 35.8076638530792], [55.8343387854411, 35.8076569759722], [55.8343228739241, 35.8076164774532], [55.8342596578971, 35.8075545834902], [55.8342248245761, 35.8076883050152], [55.8342226743711, 35.8077303317802], [55.8342480467901, 35.8077463783632], [55.8342940611771, 35.8078258471552], [55.834328034416096, 35.8078258471552]], "Building 4": [[55.8346213223781, 35.8071228539952], [55.834597670123095, 35.8070517905562], [55.8345761680731, 35.8070441493262], [55.8344355446661, 35.8070991661822], [55.8343671681471, 35.8071465418082], [55.8343671681471, 35.8072642167502], [55.8344071619601, 35.8073413931732], [55.834455326552096, 35.8073528550182], [55.8346131515991, 35.8071946815572]], "Building 5": [[55.8359669206671, 35.8091470158222], [55.835935527674096, 35.8091286768702], [55.8359230564851, 35.809097347827205], [55.8359024145171, 35.8090851218592], [55.835866291073096, 35.8090132942972], [55.835836188203096, 35.8090132942972], [55.8358000647591, 35.8091248562552], [55.835817696440095, 35.8091676471432], [55.8358047952101, 35.8092341258442], [55.8358619906631, 35.8093013686682], [55.8358955338611, 35.8092715678712], [55.8359230564851, 35.8092952556842], [55.8359591799291, 35.8092134945232]], "Building 6": [[55.8356461100811, 35.8082293040992], [55.8355127973711, 35.8082293040992], [55.8355076368791, 35.8082843209552], [55.8355119372891, 35.8084142218652], [55.8355545113481, 35.8084142218652], [55.8356069763501, 35.8083485072872], [55.8356392294251, 35.808293490431204]], "Building 7": [[55.8353923858911, 35.8092050891702], [55.8353055176091, 35.8091386104692], [55.8352818653541, 35.8091943914482], [55.8352741246161, 35.8092417670742], [55.8353691636771, 35.809323528235204], [55.8353743241691, 35.809323528235204], [55.8353923858911, 35.8092417670742]], "Building 8": [[55.8353007871581, 35.8087725955522], [55.8352414415001, 35.8086961832522], [55.8352087583841, 35.8086793725462], [55.835181235760096, 35.808639638150204], [55.8351623139561, 35.808639638150204], [55.8351231802251, 35.8087191069422], [55.8351107090361, 35.8088260841622], [55.8351657542841, 35.8088658185582], [55.835211338630096, 35.808936117874204], [55.8352663838781, 35.8088803368952], [55.835297346830096, 35.8088153864402]], "Building 9": [[55.8348273120171, 35.8082675102492], [55.8347511947601, 35.808227775853204], [55.8347094807831, 35.808227775853204], [55.8346914190611, 35.8082560484042], [55.8346712071341, 35.8083912981752], [55.8347382935301, 35.8084921624112], [55.8347232420951, 35.8085685747112], [55.8347739869331, 35.8085685747112], [55.8348096803361, 35.8084814646892], [55.8348187111971, 35.8083890058062], [55.8348436535751, 35.808317942367204]], "Building 10": [[55.8351971472771, 35.809039274479204], [55.8351971472771, 35.8090194072812], [55.8350866267401, 35.8089384102432], [55.8350419024761, 35.8089429949812], [55.8350272810821, 35.8089674469172], [55.8350272810821, 35.8090316332492], [55.8350677049361, 35.8090507363242], [55.8350853366171, 35.8090813012442], [55.8351507028491, 35.8091393745922], [55.8351722048991, 35.8091294409932]], "Building 11": [[55.8344243636001, 35.8092448235662], [55.834380499418096, 35.8091898067102], [55.8343546969581, 35.8091898067102], [55.834339215482096, 35.809224956368205], [55.8343155632271, 35.809249408304204], [55.8343155632271, 35.8093006045452], [55.834285030316096, 35.8093900069362], [55.8343465261791, 35.8094564856372], [55.8343645879011, 35.8094564856372], [55.8344243636001, 35.8092975480532]], "Building 12": [[55.834281159947096, 35.8083294042122], [55.8342317052321, 35.8083156499982], [55.8342205241661, 35.8082957828002], [55.8341788101891, 35.808277443848205], [55.8341319357201, 35.808277443848205], [55.8341151641211, 35.8083783080842], [55.8341151641211, 35.808474587582204], [55.8341508575241, 35.8085296044382], [55.8342467566671, 35.8085479433902], [55.834281159947096, 35.8084264478332]], "Building 13": [[55.8344574767571, 35.808825320039205], [55.8343921105251, 35.8088069810872], [55.8343800693771, 35.8088474796062], [55.8343800693771, 35.808903260585204], [55.8343856599101, 35.8089101376922], [55.8344454356091, 35.8089177789222], [55.8344574767571, 35.8088650544352]], "Building 14": [[55.8339431477211, 35.8084310325712], [55.8339431477211, 35.8083935905442], [55.833953898746095, 35.8083584408862], [55.833953898746095, 35.8083332248272], [55.8338769214071, 35.8082797362172], [55.833864020177096, 35.8082797362172], [55.833864020177096, 35.8083867134372], [55.8339216456711, 35.8084356173092], [55.8339366971061, 35.8084394379242]], "Building 15": [[55.8332705635971, 35.8082759156022], [55.8332477714241, 35.8082575766502], [55.8332529319161, 35.8082338888372], [55.833098547197096, 35.8082293040992], [55.833091236500096, 35.8084188066032], [55.8331338105591, 35.8085189067162], [55.8331441315431, 35.8085189067162], [55.8332361603171, 35.8083714309772]], "Building 16": [[55.8360344371041, 35.8102511735572], [55.8359445585351, 35.8101739971342], [55.8359359577151, 35.8102320704822], [55.835894243738096, 35.8103558584082], [55.8358920935331, 35.8103856592052], [55.8359501490681, 35.8104353272002], [55.8359768116101, 35.8104765898422], [55.8359884227171, 35.8104765898422], [55.8360288465711, 35.8103436324402]], "Building 17": [[55.8357325483221, 35.8102007414392], [55.8356517006141, 35.8101831666102], [55.8356430997941, 35.8103031339212], [55.8357174968871, 35.8103283499802], [55.8357325483221, 35.8102404758352]], "Building 18": [[55.835708896067096, 35.810543068543204], [55.8356830936071, 35.8105354273132], [55.8356508405321, 35.810510211254204], [55.8356237479491, 35.810510211254204], [55.8356147170881, 35.8105522380192], [55.8356108467191, 35.8106103113672], [55.835641809671095, 35.8106324709342], [55.8356990051241, 35.8106523381322], [55.8357050256981, 35.8106309426882]], "Building 19": [[55.8355605319221, 35.8107608435982], [55.8354551718771, 35.810703534373204], [55.8354336698271, 35.8108456612512], [55.8355394599131, 35.8108968574922]], "Building 20": [[55.8359892827991, 35.8108968574922], [55.8359940132501, 35.810880810909204], [55.8359867025531, 35.8108341994062], [55.8359910029631, 35.8107279863092], [55.8358955338611, 35.8106981855122], [55.835892523574095, 35.810740976400204], [55.835875751975095, 35.810778418427205], [55.835875751975095, 35.8108173887002], [55.8358865030001, 35.8108746979252], [55.8359518692321, 35.8108968574922]], "Building 21": [[55.8348896679621, 35.809756021853204], [55.8347967791061, 35.8097063538582], [55.8347877482451, 35.8097384470242], [55.8347739869331, 35.8098561219662], [55.8347795774661, 35.8098668196882], [55.8348634354611, 35.8099012052232], [55.8348814971831, 35.8098278494152]], "Building 22": [[55.8347249622591, 35.810501805901204], [55.8347026001271, 35.8104788822112], [55.8346750775031, 35.8104643638742], [55.8346600260681, 35.8105262578372], [55.8346600260681, 35.8105522380192], [55.8346806680361, 35.8105652281102], [55.8347013100041, 35.810588151800204], [55.8347094807831, 35.810584331185204], [55.8347223820131, 35.8105377196822]],