{"Building 1": [[55.8360292766121, 35.805615239316204], [55.8360000338241, 35.804375067687204], [55.8358030750461, 35.8042489873922], [55.8354117377361, 35.8042703828362], [55.8352552028121, 35.8048136742892], [55.835259933263096, 35.8056075980862]], "Building 2": [[55.8351162995691, 35.804486629645204], [55.8343482463431, 35.8045042044742], [55.8343482463431, 35.8055097903422], [55.8345753079911, 35.8056274652842], [55.8350019086631, 35.8055816179042], [55.8351201699381, 35.8049970638092]], "Building 3": [[55.834561976720096, 35.806954746935205], [55.834535744219096, 35.8068852117422], [55.834470377987095, 35.8068363078702], [55.8344032915911, 35.806896673587204], [55.8343628677371, 35.8069058430632], [55.8343349150721, 35.806954746935205], [55.8343349150721, 35.8071350799632], [55.8343538368761, 35.8071633525142], [55.8343951208121, 35.8071518906692], [55.8345593964741, 35.8069975378232]], "Building 4": [[55.835301217199095, 35.8079633892952], [55.8352603633041, 35.8079397014822], [55.8352285402701, 35.807893854102204], [55.8352023077691, 35.807893854102204], [55.835200157564095, 35.8080787718682], [55.8352164991221, 35.8080718947612], [55.8352569229761, 35.8081093367882], [55.8352986369531, 35.808005416060205]], "Building 5": [[55.8346140116811, 35.8078250830322], [55.8345288635631, 35.807757840208204], [55.8345060713901, 35.8078036875882], [55.8344957504061, 35.8078625250592], [55.8345065014311, 35.8078800998882], [55.8345903594261, 35.8079481068352], [55.8346140116811, 35.807860996813204]], "Building 6": [[55.8345138121281, 35.8074086359972], [55.8344936002011, 35.807375014585205], [55.8344467257321, 35.8073505626492], [55.8343895302791, 35.8072779709642], [55.8343546969581, 35.8073711939702], [55.8343387854411, 35.8074552475002], [55.834355987081096, 35.8074850482972], [55.8343847998281, 35.8074926895272], [55.8344303841741, 35.807547706383204], [55.8344798388891, 35.807511028479205], [55.8345138121281, 35.8074330879332]], "Building 7": [[55.8344239335591, 35.807647042373205], [55.8343276043751, 35.8075744506882], [55.834316853350096, 35.8076439858812], [55.834316853350096, 35.8076997668602], [55.834387810115096, 35.8077654814382], [55.834414042616096, 35.8076974744912]], "Building 8": [[55.8342501969951, 35.8074789353132], [55.8342304151091, 35.8074583039922], [55.834219664084095, 35.807423918457204], [55.8341611785081, 35.8073597321252], [55.8341431167861, 35.8073987023982], [55.8341216147361, 35.8074873406662], [55.8341216147361, 35.8075278391852], [55.8341422567041, 35.807547706383204], [55.8341818204761, 35.8076202980682], [55.8342209542071, 35.8076317599132], [55.8342501969951, 35.8075194338322]], "Building 9": [[55.8335449297551, 35.8076768431702], [55.8334950449991, 35.807618005699204], [55.8334722528261, 35.807618005699204], [55.833443010038096, 35.8076737866782], [55.8334408598331, 35.8078518273372], [55.8334658022111, 35.807885448749204], [55.833482143769096, 35.807885448749204], [55.8335449297551, 35.8077158134432]], "Building 10": [[55.8335724523791, 35.8072665091192], [55.8335475100011, 35.8072527549052], [55.8335100964341, 35.8072443495522], [55.8334950449991, 35.8072886686862], [55.8334976252451, 35.8073345160662], [55.8335040758601, 35.8073413931732], [55.8335423495091, 35.8073482702802], [55.8335621313951, 35.8073406290502], [55.8335724523791, 35.807296309916204]], "Building 11": [[55.8367526055741, 35.8100800100052], [55.8367302434421, 35.8100761893902], [55.8366954101211, 35.8100968207112], [55.8366644471691, 35.8100555580692], [55.8366218731101, 35.8100884153582], [55.8366003710601, 35.8101327344922], [55.8366141323721, 35.810205326177204], [55.8366085418391, 35.8103184163812], [55.8366463854471, 35.8103268217342], [55.8366635870871, 35.8102954926912], [55.8366833689731, 35.8103077186592], [55.8367078813101, 35.810283266723204], [55.8367465850001, 35.8102045620542]], "Building 12": [[55.835471513435095, 35.809257813657204], [55.8353932459731, 35.8091775807422], [55.835376044333096, 35.8091775807422], [55.8353683035951, 35.8092463518122], [55.8353300299461, 35.8093556214012], [55.8353300299461, 35.8093900069362], [55.8354211986381, 35.8094771169582], [55.835467643066096, 35.8093342259572]], "Building 13": [[55.8354276492531, 35.8099050258382], [55.8354306595401, 35.809871404426204], [55.8354203385561, 35.8098217364312], [55.835424638966096, 35.8097269851792], [55.8353321801511, 35.8097032973662], [55.8353300299461, 35.8097369187782], [55.8353158385931, 35.809781237912205], [55.8353158385931, 35.8098354906452], [55.8353265896181, 35.8098790456562], [55.8353622830211, 35.8098973846082]], "Building 14": [[55.835737278773095, 35.8099256571592], [55.8357187870101, 35.8099310060202], [55.8356861038941, 35.8100311061332], [55.8356667520491, 35.8101503093212], [55.8357299680761, 35.8102664560172], [55.8357192170511, 35.8103222369962], [55.8357665215611, 35.8103314064722], [55.8358056552921, 35.8102366552202], [55.8358078054971, 35.8101495451982], [55.8358353281211, 35.8100479168392]], "Building 15": [[55.8351704847351, 35.8099073182072], [55.8351227501841, 35.8098905075012], [55.8351038283801, 35.809862999073204], [55.8350195403441, 35.8098446601212], [55.8350079292371, 35.8098775174102], [55.834992447761095, 35.8100502092082], [55.8350169600981, 35.8100670199142], [55.8350358819021, 35.8101052260642], [55.8351287707581, 35.810122800893204], [55.8351468324801, 35.810019644288204], [55.8351704847351, 35.8099493449722]], "Building 16": [[55.8347309828331, 35.810196920824204], [55.834636803854096, 35.8100960565882], [55.8345925096311, 35.8101747612572], [55.8345744479091, 35.810242768204205], [55.8346548655761, 35.8103252934882], [55.8347056104141, 35.8103352270872], [55.8347309828331, 35.8102771537392]], "Building 17": [[55.834833332591096, 35.8099057899612], [55.8347709766461, 35.8098500089822], [55.8347464643091, 35.8098500089822], [55.834728402587096, 35.809879809779204], [55.8347159313981, 35.809933298389204], [55.8347739869331, 35.8099898434912], [55.8348187111971, 35.8100097106892], [55.834829462222096, 35.8099822022612]], "Building 18": [[55.8344772586431, 35.8101136314172], [55.8344338245021, 35.810048680962204], [55.8344230734771, 35.810048680962204], [55.8344037216321, 35.8100853588662], [55.8343882401561, 35.810135026861204], [55.834401141386095, 35.8101587146742], [55.8344467257321, 35.8102007414392], [55.834466507618096, 35.8101632994122]], "Building 19": [[55.8350247008361, 35.8101411398452], [55.8349589045631, 35.8101205085242], [55.8349503037431, 35.8101671200272], [55.8349477234971, 35.8102229010062], [55.8350027687451, 35.810263399525205], [55.835013089729095, 35.810263399525205]], "Building 20": [[55.834073450144096, 35.809583330055204], [55.8340093740351, 35.8094603062522], [55.833981851411096, 35.8094603062522], [55.8339470180901, 35.8095145589852], [55.8339027238671, 35.8094916352952], [55.8338485387011, 35.809583330055204], [55.8338549893161, 35.809652865248204], [55.8338446683321, 35.8097797096662], [55.8338945530881, 35.8098721685492], [55.8339379872291, 35.8098721685492], [55.834073450144096, 35.8096322339272]], "Building 21": [[55.8363500871981, 35.811309483912204], [55.8363432065421, 35.8113224740032], [55.8363376160091, 35.8114340359612], [55.8363573978951, 35.8114554314052], [55.8363573978951, 35.8114760627262], [55.8363625583871, 35.8114837039562], [55.8363741694941, 35.8114837039562], [55.8363832003551, 35.8114684214962], [55.8363853505601, 35.811362972522204], [55.8363741694941, 35.8113476900622], [55.8363711592071, 35.8113224740032]], "Building 22": [[55.835675352869096, 35.8113660290142], [55.8356357890971, 35.8113530389232], [55.8355983755301, 35.8113706137522], [55.8355261286421, 35.811362972522204], [55.8355072068381, 35.8114561955282], [55.8355170977811, 35.8115631727482], [55.8355493508561, 35.8115792193312], [55.8355747232751, 35.8116097842512], [55.835641809671095, 35.8116097842512]],